<ImportExportXml version="9.2.23051.252" SolutionPackageVersion="9.2" languagecode="1033" generatedBy="CrmLive" xmlns:xsi="http://www.w3.org/2001/XMLSchema-instance">
  <SolutionManifest>
    <UniqueName>VAMods</UniqueName>
    <LocalizedNames>
      <LocalizedName description="VAMods" languagecode="1033" />
    </LocalizedNames>
    <Descriptions />
    <Version>1.0.0.6</Version>
    <Managed>1</Managed>
    <Publisher>
      <UniqueName>doubleaxis</UniqueName>
      <LocalizedNames>
        <LocalizedName description="DoubleAxis" languagecode="1033" />
      </LocalizedNames>
      <Descriptions />
      <EMailAddress xsi:nil="true"></EMailAddress>
      <SupportingWebsiteUrl xsi:nil="true"></SupportingWebsiteUrl>
      <CustomizationPrefix>da</CustomizationPrefix>
      <CustomizationOptionValuePrefix>95403</CustomizationOptionValuePrefix>
      <Addresses>
        <Address>
          <AddressNumber>1</AddressNumber>
          <AddressTypeCode>1</AddressTypeCode>
          <City xsi:nil="true"></City>
          <County xsi:nil="true"></County>
          <Country xsi:nil="true"></Country>
          <Fax xsi:nil="true"></Fax>
          <FreightTermsCode xsi:nil="true"></FreightTermsCode>
          <ImportSequenceNumber xsi:nil="true"></ImportSequenceNumber>
          <Latitude xsi:nil="true"></Latitude>
          <Line1 xsi:nil="true"></Line1>
          <Line2 xsi:nil="true"></Line2>
          <Line3 xsi:nil="true"></Line3>
          <Longitude xsi:nil="true"></Longitude>
          <Name xsi:nil="true"></Name>
          <PostalCode xsi:nil="true"></PostalCode>
          <PostOfficeBox xsi:nil="true"></PostOfficeBox>
          <PrimaryContactName xsi:nil="true"></PrimaryContactName>
          <ShippingMethodCode>1</ShippingMethodCode>
          <StateOrProvince xsi:nil="true"></StateOrProvince>
          <Telephone1 xsi:nil="true"></Telephone1>
          <Telephone2 xsi:nil="true"></Telephone2>
          <Telephone3 xsi:nil="true"></Telephone3>
          <TimeZoneRuleVersionNumber xsi:nil="true"></TimeZoneRuleVersionNumber>
          <UPSZone xsi:nil="true"></UPSZone>
          <UTCOffset xsi:nil="true"></UTCOffset>
          <UTCConversionTimeZoneCode xsi:nil="true"></UTCConversionTimeZoneCode>
        </Address>
        <Address>
          <AddressNumber>2</AddressNumber>
          <AddressTypeCode>1</AddressTypeCode>
          <City xsi:nil="true"></City>
          <County xsi:nil="true"></County>
          <Country xsi:nil="true"></Country>
          <Fax xsi:nil="true"></Fax>
          <FreightTermsCode xsi:nil="true"></FreightTermsCode>
          <ImportSequenceNumber xsi:nil="true"></ImportSequenceNumber>
          <Latitude xsi:nil="true"></Latitude>
          <Line1 xsi:nil="true"></Line1>
          <Line2 xsi:nil="true"></Line2>
          <Line3 xsi:nil="true"></Line3>
          <Longitude xsi:nil="true"></Longitude>
          <Name xsi:nil="true"></Name>
          <PostalCode xsi:nil="true"></PostalCode>
          <PostOfficeBox xsi:nil="true"></PostOfficeBox>
          <PrimaryContactName xsi:nil="true"></PrimaryContactName>
          <ShippingMethodCode>1</ShippingMethodCode>
          <StateOrProvince xsi:nil="true"></StateOrProvince>
          <Telephone1 xsi:nil="true"></Telephone1>
          <Telephone2 xsi:nil="true"></Telephone2>
          <Telephone3 xsi:nil="true"></Telephone3>
          <TimeZoneRuleVersionNumber xsi:nil="true"></TimeZoneRuleVersionNumber>
          <UPSZone xsi:nil="true"></UPSZone>
          <UTCOffset xsi:nil="true"></UTCOffset>
          <UTCConversionTimeZoneCode xsi:nil="true"></UTCConversionTimeZoneCode>
        </Address>
      </Addresses>
    </Publisher>
    <RootComponents>
      <RootComponent type="1" schemaName="contact" behavior="1" />
      <RootComponent type="1" schemaName="da_serviceinfo" behavior="0" />
      <RootComponent type="1" schemaName="da_vaclaim" behavior="0" />
      <RootComponent type="1" schemaName="da_va_benefit_processflow" behavior="0" />
      <RootComponent type="9" schemaName="da_branch" behavior="0" />
      <RootComponent type="9" schemaName="da_burialallowancetype" behavior="0" />
      <RootComponent type="9" schemaName="da_burialplotlocation" behavior="0" />
      <RootComponent type="9" schemaName="da_certify_no_prev_claimed" behavior="0" />
      <RootComponent type="9" schemaName="da_claimprocessedunderfdc" behavior="0" />
      <RootComponent type="9" schemaName="da_contact_type" behavior="0" />
      <RootComponent type="9" schemaName="da_govoremployercontribution" behavior="0" />
      <RootComponent type="9" schemaName="da_previousreceivedvaallowance" behavior="0" />
      <RootComponent type="9" schemaName="da_receivedpreviousvaburialallowance" behavior="0" />
      <RootComponent type="9" schemaName="da_relationship_to_claimant" behavior="0" />
      <RootComponent type="9" schemaName="da_respfortransexp" behavior="0" />
      <RootComponent type="9" schemaName="da_responsibleforplotexpenses" behavior="0" />
      <RootComponent type="9" schemaName="da_responsibleparty" behavior="0" />
      <RootComponent type="9" schemaName="da_vahospitalizationdeath" behavior="0" />
      <RootComponent type="9" schemaName="da_veteranburiedinnationalcemetary" behavior="0" />
      <RootComponent type="9" schemaName="da_veteranburiedinstatecemetary" behavior="0" />
      <RootComponent type="9" schemaName="da_veterandeathlocation" behavior="0" />
      <RootComponent type="29" id="{5f01f174-f5b2-ec11-983f-000d3a5c6a4f}" behavior="0" />
      <RootComponent type="29" id="{93e7e9c1-f3b2-ec11-983f-000d3a5c6a4f}" behavior="0" />
      <RootComponent type="29" id="{b84f18aa-e2b6-ec11-983f-000d3a5c6a4f}" behavior="0" />
      <RootComponent type="29" id="{c8b69cff-45b5-ec11-983f-000d3a5c6a4f}" behavior="0" />
      <RootComponent type="60" id="{c2c8920c-b4a5-ed11-aad1-6045bd006623}" />
      <RootComponent type="61" schemaName="da_CheckVetStatus" behavior="0" />
      <RootComponent type="61" schemaName="da_claimicon" behavior="0" />
      <RootComponent type="61" schemaName="da_flagicon" behavior="0" />
      <RootComponent type="62" schemaName="da_VABurial" behavior="0" />
      <RootComponent type="80" schemaName="da_VABurial" behavior="0" />
      <RootComponent type="431" schemaName="da_vaclaim da_signatureimage" behavior="0" />
      <RootComponent type="432" schemaName="da_vaclaim" behavior="0" />
    </RootComponents>
    <MissingDependencies>
      <MissingDependency>
        <Required type="60" displayName="Contact" parentDisplayName="Contact" solution="msdynce_AppCommon (9.0.4.0066)" id="{1fed44d1-ae68-4a41-bd2b-f13acac4acfa}">
          <package>msdynce_AppCommonAnchor (9.0.23051.10001)</package>
        </Required>
        <Dependent type="60" displayName="Contact" parentDisplayName="Contact" id="{1fed44d1-ae68-4a41-bd2b-f13acac4acfa}" />
      </MissingDependency>
      <MissingDependency>
        <Required type="66" schemaName="MscrmControls.CardFeedContainer.CardFeedContainer" displayName="MscrmControls.CardFeedContainer.CardFeedContainer" solution="BaseCustomControlsCore (9.0.2305.1014)" />
        <Dependent type="60" displayName="Contact" parentDisplayName="Contact" id="{1fed44d1-ae68-4a41-bd2b-f13acac4acfa}" />
      </MissingDependency>
      <MissingDependency>
        <Required type="66" schemaName="MscrmControls.Signature.SignatureControl" displayName="MscrmControls.Signature.SignatureControl" solution="CustomControlsCore (9.2.23051.00252)" />
        <Dependent type="60" displayName="VA Burial Claim" parentDisplayName="VAClaim" id="{a366cf05-dbd3-4dd9-a422-4dd3fb615457}" />
      </MissingDependency>
    </MissingDependencies>
  </SolutionManifest>
</ImportExportXml>